version,day_id,date,meal_types,target_kcal,target_protein_g,target_carbs_g,target_fat_g,actual_kcal,actual_protein_g,actual_carbs_g,actual_fat_g,dev_kcal_pct,dev_protein_pct,dev_carbs_pct,dev_fat_pct,solve_mode,tolerance_tier,culinary_pass,serving_step,wall_time_ms,lp_attempts,culinary_cap_adherent,max_subrecipe_kcal_share_pct,max_subrecipe_servings
v2_shipped,138,2025-11-26,breakfast|dinner|lunch,1200.0,90.0,135.0,33.3,1216,103,139,27,1.3,14.4,3.0,-18.9,strict_relaxed_tol,0.1,strict,0.5,578.83,4,False,26.7,2.0
v2_shipped,139,2025-11-27,breakfast|dinner|lunch,1200.0,90.0,135.0,33.3,1204,90,123,39,0.3,0.0,-8.9,17.1,strict_relaxed_tol,0.15,strict,0.5,515.32,6,False,26.1,3.0
v2_shipped,140,2025-11-28,breakfast|dinner|lunch,1200.0,90.0,135.0,33.3,1182,101,124,31,-1.5,12.2,-8.1,-6.9,strict_tight,0.08,strict,0.5,278.98,2,True,18.4,1.5
v2_shipped,141,2025-12-01,breakfast|dinner|lunch,1200.0,90.0,135.0,33.3,1185,92,135,31,-1.2,2.2,0.0,-6.9,strict_tight,0.08,strict,1.0,120.34,1,True,22.5,4.0
v2_shipped,171,2025-12-08,breakfast|dinner|lunch,1300.0,97.5,130.0,43.3,1361,107,138,42,4.7,9.7,6.2,-3.0,strict_tight,0.08,strict,1.0,91.38,1,False,30.7,2.0
v2_shipped,172,2025-12-09,breakfast|dinner|lunch|snack,1300.0,97.5,130.0,43.3,1287,98,131,41,-1.0,0.5,0.8,-5.3,strict_tight,0.08,strict,1.0,91.1,1,True,22.9,7.0
v2_shipped,173,2025-12-10,breakfast|dinner|lunch,1300.0,97.5,130.0,43.3,1345,97,138,45,3.5,-0.5,6.2,3.9,strict_tight,0.08,strict,1.0,117.53,1,True,20.9,3.0
v2_shipped,174,2025-12-11,breakfast|dinner|lunch,1300.0,97.5,130.0,43.3,1288,117,128,34,-0.9,20.0,-1.5,-21.5,strict_relaxed_tol,0.2,strict,0.5,694.98,8,False,60.2,2.5
v2_shipped,233,2026-02-19,lunch,600.0,37.5,82.5,13.3,511,40,46,18,-14.8,6.7,-44.2,35.3,best_effort_lp,BEST_EFFORT_LP,relaxed,1.0,1254.56,17,True,54.5,1.0
v2_shipped,327,2026-04-06,breakfast|dinner|lunch|snack,1200.0,90.0,120.0,40.0,1203,90,120,40,0.2,0.0,0.0,0.0,strict_tight,0.08,strict,0.5,300.82,2,True,19.8,2.0
v2_shipped,234,2026-02-09,lunch,700.0,52.5,70.0,23.3,687,53,78,18,-1.9,1.0,11.4,-22.7,best_effort_lp,BEST_EFFORT_LP,relaxed,1.0,1328.77,17,True,59.5,2.0
v2_shipped,210,2026-01-16,dinner|lunch,1000.0,75.0,100.0,33.3,928,81,89,28,-7.2,8.0,-11.0,-15.9,strict_relaxed_tol,0.15,strict,1.0,505.8,5,True,28.7,1.0
v2_shipped,179,2025-12-08,breakfast|dinner|lunch,2400.0,180.0,240.0,80.0,2282,197,218,69,-4.9,9.4,-9.2,-13.8,strict_relaxed_tol,0.1,strict,0.5,646.26,4,False,32.0,3.5
v2_shipped,180,2025-12-09,breakfast|dinner|lunch,2400.0,180.0,240.0,80.0,2382,179,236,80,-0.8,-0.6,-1.7,0.0,strict_tight,0.08,strict,1.0,219.82,1,True,24.8,4.0
v2_shipped,152,2025-12-08,breakfast|dinner|lunch,1800.0,135.0,180.0,60.0,1788,136,177,60,-0.7,0.7,-1.7,0.0,strict_tight,0.08,strict,1.0,196.22,1,True,33.1,2.0
v2_shipped,153,2025-12-09,breakfast|dinner|lunch|snack,1800.0,135.0,180.0,60.0,1810,152,178,54,0.6,12.6,-1.1,-10.0,strict_tight,0.08,strict,0.5,288.75,2,True,36.2,7.0
v2_shipped,154,2025-12-10,breakfast|dinner|lunch,1800.0,135.0,180.0,60.0,1778,134,179,58,-1.2,-0.7,-0.6,-3.3,strict_tight,0.08,strict,1.0,244.02,1,False,26.7,9.0
v2_shipped,155,2025-12-11,breakfast|dinner|lunch|snack,1800.0,135.0,180.0,60.0,1780,134,177,60,-1.1,-0.7,-1.7,0.0,strict_tight,0.08,strict,1.0,237.9,1,True,31.6,10.0
v2_shipped,181,2025-12-10,breakfast|dinner|lunch|snack,2400.0,180.0,240.0,80.0,2405,190,239,77,0.2,5.6,-0.4,-3.8,strict_tight,0.08,strict,1.0,263.79,1,True,32.0,3.0
v2_shipped,182,2025-12-11,breakfast|dinner|lunch,2400.0,180.0,240.0,80.0,2419,183,239,81,0.8,1.7,-0.4,1.2,strict_tight,0.08,strict,1.0,217.73,1,True,36.6,3.0
v2_shipped,211,2026-01-19,dinner|lunch|snack,1000.0,75.0,100.0,33.3,962,72,100,30,-3.8,-4.0,0.0,-9.9,strict_tight,0.08,strict,1.0,108.43,1,True,26.7,2.0
v2_shipped,212,2026-01-20,dinner|lunch,1000.0,75.0,100.0,33.3,967,74,93,33,-3.3,-1.3,-7.0,-0.9,strict_tight,0.08,strict,0.5,219.49,2,True,36.3,1.5
v2_shipped,213,2026-01-21,dinner|lunch,1000.0,75.0,100.0,33.3,997,78,75,43,-0.3,4.0,-25.0,29.1,best_effort_lp,BEST_EFFORT_LP,relaxed,1.0,1673.32,17,True,51.6,2.0
v2_shipped,214,2026-01-19,breakfast|dinner|lunch|snack,1980.0,120.0,240.0,60.0,1934,138,229,52,-2.3,15.0,-4.6,-13.3,strict_tight,0.08,strict,1.0,116.66,1,True,32.1,2.0
v2_shipped,215,2026-01-20,breakfast|dinner|lunch|snack,1980.0,120.0,240.0,60.0,1978,121,194,80,-0.1,0.8,-19.2,33.3,best_effort_lp,BEST_EFFORT_LP,relaxed,1.0,1622.32,17,True,26.4,3.0
v2_shipped,216,2026-01-21,breakfast|dinner|lunch|snack,1980.0,120.0,240.0,60.0,1776,117,250,34,-10.3,-2.5,4.2,-43.3,best_effort_lp,BEST_EFFORT_LP,relaxed,1.0,1937.08,17,True,35.4,3.0
v2_shipped,235,2026-02-10,lunch,700.0,52.5,70.0,23.3,708,57,77,19,1.1,8.6,10.0,-18.5,strict_relaxed_tol,0.15,strict,0.5,577.84,6,True,65.8,1.5
v2_shipped,236,2026-02-11,lunch,700.0,52.5,70.0,23.3,694,61,65,21,-0.9,16.2,-7.1,-9.9,strict_relaxed_tol,0.15,strict,0.5,598.01,6,True,56.5,2.5
v2_shipped,533,2026-05-18,dinner|lunch|snack,1500.0,140.0,122.5,50.0,1485,159,123,40,-1.0,13.6,0.4,-20.0,strict_relaxed_tol,0.2,strict,1.0,741.5,7,True,41.6,2.0
v2_shipped,237,2026-02-12,lunch,700.0,52.5,70.0,23.3,736,79,68,17,5.1,50.5,-2.9,-27.0,best_effort_lp,BEST_EFFORT_LP,relaxed,1.0,1715.99,17,True,64.5,2.0
v2_shipped,238,2026-02-13,lunch,700.0,52.5,70.0,23.3,701,54,66,25,0.1,2.9,-5.7,7.3,strict_tight,0.08,strict,0.5,193.51,2,True,83.3,2.5
v2_shipped,192,2025-12-22,breakfast|dinner|snack,1500.0,112.5,168.8,41.7,1404,121,169,27,-6.4,7.6,0.1,-35.3,best_effort_lp,BEST_EFFORT_LP,relaxed,1.0,1541.24,17,True,37.9,2.0
v2_shipped,193,2025-12-23,breakfast|dinner|lunch|snack,2250.0,200.0,250.0,50.0,2281,201,248,54,1.4,0.5,-0.8,8.0,strict_tight,0.08,strict,1.0,242.5,1,True,18.3,6.0
v2_shipped,194,2025-12-24,breakfast|dinner|lunch,2250.0,200.0,250.0,50.0,2318,182,264,59,3.0,-9.0,5.6,18.0,strict_tight,0.08,strict,1.0,160.91,1,False,40.2,5.0
v2_shipped,195,2025-12-25,breakfast|dinner|lunch,2250.0,200.0,250.0,50.0,2192,205,251,41,-2.6,2.5,0.4,-18.0,strict_tight,0.08,strict,1.0,185.58,1,False,48.6,4.0
v2_shipped,196,2025-12-26,breakfast|dinner|lunch|snack,2250.0,200.0,250.0,50.0,2322,205,247,57,3.2,2.5,-1.2,14.0,strict_tight,0.08,strict,1.0,200.73,1,True,28.0,8.0
v2_shipped,197,2025-12-26,breakfast|dinner|lunch,2250.0,200.0,250.0,50.0,2169,180,225,61,-3.6,-10.0,-10.0,22.0,strict_relaxed_tol,0.1,strict,0.5,522.96,4,False,42.9,3.0
v2_shipped,198,2025-12-29,breakfast|dinner|lunch,2250.0,200.0,250.0,50.0,2312,216,270,41,2.8,8.0,8.0,-18.0,strict_tight,0.08,strict,1.0,92.82,1,True,46.1,4.0
v2_shipped,199,2025-12-30,breakfast|dinner|lunch|snack,2250.0,200.0,250.0,50.0,2199,180,236,59,-2.3,-10.0,-5.6,18.0,strict_tight,0.08,strict,1.0,145.63,1,True,19.7,9.0
v2_shipped,200,2025-12-31,breakfast|dinner|lunch,2250.0,200.0,250.0,50.0,2254,199,250,51,0.2,-0.5,0.0,2.0,strict_tight,0.08,strict,1.0,125.17,1,True,26.2,15.0
v2_shipped,239,2026-02-16,lunch,600.0,37.5,67.5,20.0,514,34,30,29,-14.3,-9.3,-55.6,45.0,best_effort_lp,BEST_EFFORT_LP,relaxed,1.0,1582.81,17,True,100.0,2.0
v2_shipped,240,2026-02-17,lunch,600.0,37.5,67.5,20.0,511,40,46,18,-14.8,6.7,-31.9,-10.0,best_effort_lp,BEST_EFFORT_LP,relaxed,1.0,1401.13,17,True,54.5,1.0
v2_shipped,241,2026-02-18,lunch,600.0,37.5,67.5,20.0,456,42,50,10,-24.0,12.0,-25.9,-50.0,best_effort_lp,BEST_EFFORT_LP,relaxed,1.0,1141.03,17,True,58.3,1.0
v2_shipped,242,2026-02-19,lunch,600.0,37.5,67.5,20.0,641,43,66,23,6.8,14.7,-2.2,15.0,strict_relaxed_tol,0.1,strict,0.5,289.84,4,True,62.3,2.5
v2_shipped,243,2026-02-20,lunch,600.0,37.5,67.5,20.0,606,30,69,24,1.0,-20.0,2.2,20.0,strict_relaxed_tol,0.15,strict,0.5,402.35,6,True,43.6,3.0
v2_shipped,230,2026-02-16,lunch,600.0,37.5,82.5,13.3,257,17,15,14,-57.2,-54.7,-81.8,5.3,best_effort_lp,BEST_EFFORT_LP,relaxed,1.0,1454.39,17,True,100.0,1.0
v2_shipped,231,2026-02-17,lunch,600.0,37.5,82.5,13.3,444,37,36,17,-26.0,-1.3,-56.4,27.8,best_effort_lp,BEST_EFFORT_LP,relaxed,1.0,1573.7,17,True,44.8,1.0
v2_shipped,232,2026-02-18,lunch,600.0,37.5,82.5,13.3,573,39,75,13,-4.5,4.0,-9.1,-2.3,strict_tight,0.08,strict,0.5,178.74,2,True,46.7,2.5
v2_shipped,244,2026-02-16,lunch,700.0,52.5,70.0,23.3,785,73,63,27,12.1,39.0,-10.0,15.9,best_effort_lp,BEST_EFFORT_LP,relaxed,1.0,1616.81,17,True,53.1,2.0
v2_shipped,245,2026-02-17,lunch,700.0,52.5,70.0,23.3,723,59,63,26,3.3,12.4,-10.0,11.6,strict_tight,0.08,strict,0.5,254.1,2,True,57.7,1.5
v2_shipped,246,2026-02-18,lunch,700.0,52.5,70.0,23.3,644,46,59,25,-8.0,-12.4,-15.7,7.3,strict_relaxed_tol,0.2,strict,0.5,681.64,8,True,68.9,1.5
v2_shipped,247,2026-02-19,lunch,700.0,52.5,70.0,23.3,723,78,67,16,3.3,48.6,-4.3,-31.3,best_effort_lp,BEST_EFFORT_LP,relaxed,1.0,1673.49,17,True,73.7,2.0
v2_shipped,248,2026-02-20,lunch,700.0,52.5,70.0,23.3,514,34,30,29,-26.6,-35.2,-57.1,24.5,best_effort_lp,BEST_EFFORT_LP,relaxed,1.0,1490.87,17,True,100.0,2.0
v2_shipped,250,2026-02-23,lunch,700.0,52.5,70.0,23.3,644,46,59,25,-8.0,-12.4,-15.7,7.3,strict_relaxed_tol,0.2,strict,0.5,647.3,8,True,68.9,1.5
v2_shipped,251,2026-02-24,lunch,700.0,52.5,70.0,23.3,785,73,63,27,12.1,39.0,-10.0,15.9,best_effort_lp,BEST_EFFORT_LP,relaxed,1.0,1578.58,17,True,53.1,2.0
v2_shipped,252,2026-02-25,lunch,700.0,52.5,70.0,23.3,723,59,63,26,3.3,12.4,-10.0,11.6,strict_tight,0.08,strict,0.5,196.48,2,True,57.7,1.5
v2_shipped,253,2026-02-26,lunch,700.0,52.5,70.0,23.3,514,34,30,29,-26.6,-35.2,-57.1,24.5,best_effort_lp,BEST_EFFORT_LP,relaxed,1.0,1555.73,17,True,100.0,2.0
v2_shipped,254,2026-02-27,lunch,700.0,52.5,70.0,23.3,723,78,67,16,3.3,48.6,-4.3,-31.3,best_effort_lp,BEST_EFFORT_LP,relaxed,1.0,1562.43,17,True,73.7,2.0
v2_shipped,255,2026-02-23,dinner|lunch|snack,1500.0,112.5,150.0,50.0,1489,126,135,49,-0.7,12.0,-10.0,-2.0,strict_tight,0.08,strict,1.0,113.75,1,True,28.0,2.0
v2_shipped,256,2026-02-24,dinner|lunch|snack,1500.0,112.5,150.0,50.0,1457,98,135,59,-2.9,-12.9,-10.0,18.0,strict_relaxed_tol,0.15,strict,0.5,632.02,6,True,24.5,2.0
v2_shipped,257,2026-02-25,dinner|lunch|snack,1500.0,112.5,150.0,50.0,1522,112,158,49,1.5,-0.4,5.3,-2.0,strict_tight,0.08,strict,0.5,244.73,2,True,41.6,2.5
v2_shipped,258,2026-02-26,dinner|lunch|snack,1500.0,112.5,150.0,50.0,1520,120,133,56,1.3,6.7,-11.3,12.0,strict_relaxed_tol,0.1,strict,0.5,564.33,4,True,33.8,2.0
v2_shipped,273,2026-03-02,lunch,700.0,52.5,70.0,23.3,714,49,77,23,2.0,-6.7,10.0,-1.3,strict_relaxed_tol,0.1,strict,0.5,386.96,4,True,71.9,2.0
v2_shipped,274,2026-03-03,lunch,700.0,52.5,70.0,23.3,736,79,68,17,5.1,50.5,-2.9,-27.0,best_effort_lp,BEST_EFFORT_LP,relaxed,1.0,1608.58,17,True,64.5,2.0
v2_shipped,275,2026-03-04,lunch,700.0,52.5,70.0,23.3,718,63,62,24,2.6,20.0,-11.4,3.0,strict_relaxed_tol,0.2,strict,0.5,713.07,8,True,88.1,2.5
v2_shipped,269,2026-03-02,breakfast|dinner|lunch|snack,2600.0,195.0,260.0,86.7,2514,191,237,89,-3.3,-2.1,-8.8,2.7,strict_tight,0.08,strict,0.5,400.06,2,True,41.9,7.5
v2_shipped,270,2026-03-03,breakfast|dinner|lunch|snack,2600.0,195.0,260.0,86.7,2560,203,263,77,-1.5,4.1,1.2,-11.2,strict_tight,0.08,strict,0.5,332.84,2,True,30.3,5.0
v2_shipped,271,2026-03-02,breakfast|dinner|lunch|snack,3225.0,201.6,362.8,107.5,3178,236,325,104,-1.5,17.1,-10.4,-3.3,strict_relaxed_tol,0.15,strict,1.0,738.05,5,True,29.3,5.0
v2_shipped,272,2026-03-03,breakfast|dinner|lunch|snack,3225.0,201.6,362.8,107.5,3175,204,350,107,-1.6,1.2,-3.5,-0.5,strict_tight,0.08,strict,1.0,216.58,1,True,24.2,6.0
v2_shipped,276,2026-03-05,lunch,700.0,52.5,70.0,23.3,701,54,66,25,0.1,2.9,-5.7,7.3,strict_tight,0.08,strict,0.5,192.01,2,True,83.3,2.5
v2_shipped,277,2026-03-06,lunch,700.0,52.5,70.0,23.3,514,34,30,29,-26.6,-35.2,-57.1,24.5,best_effort_lp,BEST_EFFORT_LP,relaxed,1.0,1624.0,17,True,100.0,2.0
v2_shipped,278,2026-03-02,dinner|lunch|snack,1500.0,140.0,122.5,50.0,1530,160,125,43,2.0,14.3,2.0,-14.0,strict_relaxed_tol,0.15,strict,0.5,806.0,6,True,31.0,2.0
v2_shipped,279,2026-03-03,dinner|lunch|snack,1500.0,140.0,122.5,50.0,1469,136,110,54,-2.1,-2.9,-10.2,8.0,strict_tight,0.08,strict,1.0,124.51,1,True,34.5,2.0
v2_shipped,280,2026-03-03,lunch,1600.0,120.0,160.0,53.3,1407,152,131,31,-12.1,26.7,-18.1,-41.8,best_effort_lp,BEST_EFFORT_LP,relaxed,1.0,1611.39,17,True,87.8,4.0
v2_shipped,281,2026-03-05,lunch,1600.0,120.0,160.0,53.3,1561,120,154,52,-2.4,0.0,-3.8,-2.4,strict_tight,0.08,strict,1.0,92.17,1,True,65.7,4.0
v2_shipped,282,2026-03-06,lunch,1600.0,120.0,160.0,53.3,1605,147,132,54,0.3,22.5,-17.5,1.3,best_effort_lp,BEST_EFFORT_LP,relaxed,1.0,1661.29,17,True,94.7,6.0
v2_shipped,284,2026-03-04,dinner|lunch|snack,1500.0,140.0,122.5,50.0,1501,106,137,59,0.1,-24.3,11.8,18.0,best_effort_lp,BEST_EFFORT_LP,relaxed,1.0,1539.94,17,True,34.2,10.0
v2_shipped,285,2026-03-05,dinner|lunch|snack,1500.0,140.0,122.5,50.0,1493,144,130,44,-0.5,2.9,6.1,-12.0,strict_tight,0.08,strict,0.5,281.81,2,True,41.4,2.5
v2_shipped,286,2026-03-10,breakfast|dinner|lunch|snack,1500.0,112.5,150.0,50.0,1527,108,148,56,1.8,-4.0,-1.3,12.0,strict_tight,0.08,strict,1.0,151.43,1,True,16.7,4.0
v2_shipped,287,2026-03-09,dinner|lunch|snack,1500.0,140.0,122.5,50.0,1473,136,124,48,-1.8,-2.9,1.2,-4.0,strict_tight,0.08,strict,1.0,149.28,1,True,32.3,5.0
v2_shipped,288,2026-03-10,dinner|lunch|snack,1500.0,140.0,122.5,50.0,1379,153,122,31,-8.1,9.3,-0.4,-38.0,best_effort_lp,BEST_EFFORT_LP,relaxed,1.0,1640.82,17,True,44.8,2.0
v2_shipped,289,2026-03-11,dinner|lunch|snack,1500.0,140.0,122.5,50.0,1480,140,115,51,-1.3,0.0,-6.1,2.0,strict_tight,0.08,strict,0.5,222.08,2,True,51.3,3.0
v2_shipped,290,2026-03-12,dinner|lunch|snack,1500.0,140.0,122.5,50.0,1473,143,127,44,-1.8,2.1,3.7,-12.0,strict_tight,0.08,strict,0.5,438.84,2,True,31.6,2.0
v2_shipped,291,2026-03-10,dinner,1600.0,120.0,160.0,53.3,1326,122,155,24,-17.1,1.7,-3.1,-55.0,best_effort_lp,BEST_EFFORT_LP,relaxed,1.0,1830.25,17,True,53.7,6.0
v2_shipped,292,2026-03-12,lunch|snack,1600.0,120.0,160.0,53.3,1636,141,169,44,2.2,17.5,5.6,-17.4,strict_relaxed_tol,0.15,strict,0.5,549.76,6,True,66.1,3.5
v2_shipped,293,2026-03-10,lunch,700.0,52.5,70.0,23.3,718,63,62,24,2.6,20.0,-11.4,3.0,strict_relaxed_tol,0.2,strict,0.5,899.42,8,True,88.1,2.5
v2_shipped,294,2026-03-11,lunch,700.0,52.5,70.0,23.3,736,79,68,17,5.1,50.5,-2.9,-27.0,best_effort_lp,BEST_EFFORT_LP,relaxed,1.0,1587.39,17,True,64.5,2.0
v2_shipped,295,2026-03-12,lunch,700.0,52.5,70.0,23.3,701,54,66,25,0.1,2.9,-5.7,7.3,strict_tight,0.08,strict,0.5,182.92,2,True,83.3,2.5
v2_shipped,296,2026-03-13,lunch,700.0,52.5,70.0,23.3,514,34,30,29,-26.6,-35.2,-57.1,24.5,best_effort_lp,BEST_EFFORT_LP,relaxed,1.0,1574.57,17,True,100.0,2.0
v2_shipped,297,2026-03-16,dinner|lunch|snack,1500.0,140.0,122.5,50.0,1326,87,143,45,-11.6,-37.9,16.7,-10.0,best_effort_lp,BEST_EFFORT_LP,relaxed,1.0,1755.59,17,True,31.8,2.0
v2_shipped,298,2026-03-17,dinner|lunch|snack,1500.0,140.0,122.5,50.0,1539,150,123,49,2.6,7.1,0.4,-2.0,strict_tight,0.08,strict,1.0,93.82,1,True,34.6,2.0
v2_shipped,299,2026-03-18,dinner|lunch|snack,1500.0,140.0,122.5,50.0,1498,141,112,54,-0.1,0.7,-8.6,8.0,strict_tight,0.08,strict,0.5,203.83,2,True,38.2,3.0
v2_shipped,300,2026-03-19,dinner|lunch|snack,1500.0,140.0,122.5,50.0,1524,140,121,53,1.6,0.0,-1.2,6.0,strict_tight,0.08,strict,0.5,285.16,2,True,31.6,2.5
v2_shipped,301,2026-03-16,lunch,700.0,52.5,70.0,23.3,785,73,63,27,12.1,39.0,-10.0,15.9,best_effort_lp,BEST_EFFORT_LP,relaxed,1.0,1835.81,17,True,53.1,2.0
v2_shipped,302,2026-03-17,lunch,700.0,52.5,70.0,23.3,723,78,67,16,3.3,48.6,-4.3,-31.3,best_effort_lp,BEST_EFFORT_LP,relaxed,1.0,1684.58,17,True,73.7,2.0
v2_shipped,303,2026-03-18,lunch,700.0,52.5,70.0,23.3,684,44,72,24,-2.3,-16.2,2.9,3.0,strict_relaxed_tol,0.15,strict,0.5,549.53,6,True,58.4,2.5
v2_shipped,304,2026-03-19,lunch,700.0,52.5,70.0,23.3,644,46,59,25,-8.0,-12.4,-15.7,7.3,strict_relaxed_tol,0.2,strict,0.5,828.29,8,True,68.9,1.5
v2_shipped,305,2026-03-20,lunch,700.0,52.5,70.0,23.3,779,89,57,22,11.3,69.5,-18.6,-5.6,best_effort_lp,BEST_EFFORT_LP,relaxed,1.0,1564.93,17,True,75.8,3.0
v2_shipped,306,2026-03-30,breakfast|dinner|lunch|snack,1600.0,80.0,200.0,53.3,1682,104,180,61,5.1,30.0,-10.0,14.4,strict_relaxed_tol,0.2,strict,0.5,1055.05,8,True,21.2,2.0
v2_shipped,308,2026-03-30,lunch,700.0,52.5,70.0,23.3,644,46,59,25,-8.0,-12.4,-15.7,7.3,strict_relaxed_tol,0.2,strict,0.5,815.17,8,True,68.9,1.5
v2_shipped,309,2026-03-31,lunch,700.0,52.5,70.0,23.3,779,89,57,22,11.3,69.5,-18.6,-5.6,best_effort_lp,BEST_EFFORT_LP,relaxed,1.0,1416.63,17,True,75.8,3.0
v2_shipped,310,2026-04-01,lunch,700.0,52.5,70.0,23.3,736,76,71,16,5.1,44.8,1.4,-31.3,best_effort_lp,BEST_EFFORT_LP,relaxed,1.0,1553.9,17,True,64.5,2.0
v2_shipped,311,2026-04-02,lunch,700.0,52.5,70.0,23.3,573,38,56,22,-18.1,-27.6,-20.0,-5.6,best_effort_lp,BEST_EFFORT_LP,relaxed,1.0,1668.73,17,True,54.4,2.0
v2_shipped,312,2026-04-03,lunch,700.0,52.5,70.0,23.3,690,58,70,20,-1.4,10.5,0.0,-14.2,strict_relaxed_tol,0.15,strict,0.5,386.45,6,True,60.4,2.0
v2_shipped,328,2026-04-07,breakfast|dinner|lunch|snack,1200.0,90.0,120.0,40.0,1179,88,116,41,-1.8,-2.2,-3.3,2.5,strict_tight,0.08,strict,0.5,351.89,2,True,26.4,1.5
v2_shipped,329,2026-04-08,breakfast|dinner|lunch|snack,1200.0,90.0,120.0,40.0,1248,96,128,39,4.0,6.7,6.7,-2.5,strict_tight,0.08,strict,1.0,147.81,1,True,22.3,2.0
v2_shipped,330,2026-04-09,breakfast|dinner|lunch|snack,1200.0,90.0,120.0,40.0,1197,90,120,40,-0.2,0.0,0.0,0.0,strict_tight,0.08,strict,0.5,327.27,2,True,29.3,3.5
v2_shipped,331,2026-04-10,breakfast|dinner|lunch|snack,1200.0,90.0,120.0,40.0,1195,90,120,40,-0.4,0.0,0.0,0.0,strict_tight,0.08,strict,0.5,378.47,2,True,26.1,2.0
v2_shipped,332,2026-04-06,breakfast|dinner|lunch,1200.0,75.0,165.0,26.7,1100,74,104,43,-8.3,-1.3,-37.0,61.0,best_effort_lp,BEST_EFFORT_LP,relaxed,1.0,1829.19,17,True,21.6,2.0
v2_shipped,317,2026-03-30,dinner|lunch,1500.0,140.0,122.5,50.0,1493,126,123,55,-0.5,-10.0,0.4,10.0,strict_tight,0.08,strict,0.5,291.17,2,True,32.1,3.0
v2_shipped,318,2026-03-31,dinner|lunch|snack,1500.0,140.0,122.5,50.0,1494,134,124,52,-0.4,-4.3,1.2,4.0,strict_tight,0.08,strict,0.5,294.37,2,True,32.3,2.5
v2_shipped,319,2026-04-01,dinner|lunch|snack,1500.0,140.0,122.5,50.0,1444,154,127,35,-3.7,10.0,3.7,-30.0,best_effort_lp,BEST_EFFORT_LP,relaxed,1.0,1766.75,17,True,42.8,2.0
v2_shipped,320,2026-04-02,dinner|lunch|snack,1500.0,140.0,122.5,50.0,1469,146,124,43,-2.1,4.3,1.2,-14.0,strict_relaxed_tol,0.1,strict,0.5,554.25,4,True,27.3,3.0
v2_shipped,321,2026-03-30,dinner|lunch|snack,1800.0,135.0,180.0,60.0,1771,119,183,63,-1.6,-11.9,1.7,5.0,strict_tight,0.08,strict,1.0,213.42,1,True,36.0,3.0
v2_shipped,322,2026-03-31,dinner|lunch|snack,1800.0,135.0,180.0,60.0,1710,127,178,54,-5.0,-5.9,-1.1,-10.0,strict_tight,0.08,strict,1.0,93.64,1,True,31.1,3.0
v2_shipped,323,2026-04-01,dinner|lunch|snack,1800.0,135.0,180.0,60.0,1780,135,177,59,-1.1,0.0,-1.7,-1.7,strict_tight,0.08,strict,1.0,200.73,1,True,24.4,6.0
v2_shipped,324,2026-04-02,dinner|lunch|snack,1800.0,135.0,180.0,60.0,1897,149,181,64,5.4,10.4,0.6,6.7,strict_tight,0.08,strict,1.0,133.46,1,True,32.8,5.0
v2_shipped,325,2026-03-31,breakfast|dinner|lunch|snack,1200.0,90.0,120.0,40.0,1133,103,104,34,-5.6,14.4,-13.3,-15.0,strict_relaxed_tol,0.15,strict,0.5,924.64,6,True,26.1,2.0
v2_shipped,326,2026-04-01,breakfast|dinner|lunch|snack,1200.0,90.0,120.0,40.0,1250,104,144,29,4.2,15.6,20.0,-27.5,best_effort_lp,BEST_EFFORT_LP,relaxed,1.0,1580.27,17,True,24.7,2.0
v2_shipped,333,2026-04-07,breakfast|dinner|lunch,1200.0,75.0,165.0,26.7,1149,91,151,20,-4.2,21.3,-8.5,-25.1,strict_relaxed_tol,0.15,strict,0.5,421.54,6,False,31.0,2.5
v2_shipped,334,2026-04-08,breakfast|dinner|lunch,1200.0,75.0,165.0,26.7,1112,86,106,38,-7.3,14.7,-35.8,42.3,best_effort_lp,BEST_EFFORT_LP,relaxed,1.0,1386.91,17,True,28.0,2.0
v2_shipped,335,2026-04-09,breakfast|dinner|lunch,1200.0,75.0,165.0,26.7,1325,75,130,56,10.4,0.0,-21.2,109.7,best_effort_lp,BEST_EFFORT_LP,relaxed,1.0,1596.04,17,False,38.7,2.0
v2_shipped,336,2026-04-10,breakfast|dinner|lunch,1200.0,75.0,165.0,26.7,1194,72,152,33,-0.5,-4.0,-7.9,23.6,strict_relaxed_tol,0.15,strict,0.5,549.08,6,False,50.5,3.0
v2_shipped,355,2026-04-15,breakfast|dinner|lunch|snack,1200.0,90.0,120.0,40.0,1227,90,120,43,2.2,0.0,0.0,7.5,strict_tight,0.08,strict,0.5,376.58,2,True,25.4,2.0
v2_shipped,534,2026-05-19,dinner|lunch|snack,1500.0,140.0,122.5,50.0,1474,141,129,44,-1.7,0.7,5.3,-12.0,strict_tight,0.08,strict,0.5,289.19,2,True,36.8,2.5
v2_shipped,356,2026-04-16,breakfast|dinner|lunch|snack,1200.0,90.0,120.0,40.0,1151,84,130,33,-4.1,-6.7,8.3,-17.5,strict_relaxed_tol,0.15,strict,0.5,808.55,6,True,24.1,1.5
v2_shipped,342,2026-04-06,dinner|lunch|snack,1500.0,140.0,122.5,50.0,1530,140,130,50,2.0,0.0,6.1,0.0,strict_tight,0.08,strict,1.0,134.96,1,True,28.4,8.0
v2_shipped,343,2026-04-07,lunch,1500.0,140.0,122.5,50.0,1350,151,123,28,-10.0,7.9,0.4,-44.0,best_effort_lp,BEST_EFFORT_LP,relaxed,1.0,1426.86,17,True,91.5,4.0
v2_shipped,344,2026-04-08,dinner|lunch|snack,1500.0,140.0,122.5,50.0,1519,138,131,49,1.3,-1.4,6.9,-2.0,strict_tight,0.08,strict,1.0,113.6,1,True,31.2,2.0
v2_shipped,345,2026-04-09,dinner|lunch,1500.0,140.0,122.5,50.0,1503,138,151,38,0.2,-1.4,23.3,-24.0,best_effort_lp,BEST_EFFORT_LP,relaxed,1.0,1507.66,17,True,41.1,2.0
v2_shipped,346,2026-04-06,lunch,700.0,52.5,70.0,23.3,775,79,71,19,10.7,50.5,1.4,-18.5,best_effort_lp,BEST_EFFORT_LP,relaxed,1.0,1641.7,17,True,56.0,2.0
v2_shipped,347,2026-04-07,lunch,700.0,52.5,70.0,23.3,701,54,66,25,0.1,2.9,-5.7,7.3,strict_tight,0.08,strict,0.5,193.67,2,True,83.3,2.5
v2_shipped,348,2026-04-08,lunch,700.0,52.5,70.0,23.3,736,76,71,16,5.1,44.8,1.4,-31.3,best_effort_lp,BEST_EFFORT_LP,relaxed,1.0,1636.53,17,True,64.5,2.0
v2_shipped,349,2026-04-09,lunch,700.0,52.5,70.0,23.3,573,38,56,22,-18.1,-27.6,-20.0,-5.6,best_effort_lp,BEST_EFFORT_LP,relaxed,1.0,1748.99,17,True,54.4,2.0
v2_shipped,350,2026-04-10,lunch,700.0,52.5,70.0,23.3,690,58,70,20,-1.4,10.5,0.0,-14.2,strict_relaxed_tol,0.15,strict,0.5,580.36,6,True,60.4,2.0
v2_shipped,351,2026-04-07,dinner|lunch,885.0,70.0,95.0,25.0,878,75,94,23,-0.8,7.1,-1.1,-8.0,strict_tight,0.08,strict,0.5,233.17,2,True,26.8,2.5
v2_shipped,352,2026-04-08,dinner|lunch,885.0,70.0,95.0,25.0,902,80,95,23,1.9,14.3,0.0,-8.0,strict_relaxed_tol,0.1,strict,0.5,602.64,4,True,38.4,2.0
v2_shipped,353,2026-04-13,breakfast|dinner|lunch|snack,1200.0,90.0,120.0,40.0,1180,98,114,37,-1.7,8.9,-5.0,-7.5,strict_tight,0.08,strict,1.0,123.04,1,True,20.1,1.0
v2_shipped,354,2026-04-14,breakfast|dinner|lunch|snack,1200.0,90.0,120.0,40.0,1176,87,119,39,-2.0,-3.3,-0.8,-2.5,strict_tight,0.08,strict,0.5,362.65,2,True,26.5,2.0
v2_shipped,358,2026-04-14,breakfast|dinner|lunch|snack,1200.0,75.0,165.0,26.7,1033,75,112,32,-13.9,0.0,-32.1,19.9,best_effort_lp,BEST_EFFORT_LP,relaxed,1.0,1578.83,17,True,22.6,2.0
v2_shipped,359,2026-04-15,breakfast|dinner|lunch|snack,1200.0,75.0,165.0,26.7,1198,80,161,26,-0.2,6.7,-2.4,-2.6,strict_tight,0.08,strict,0.5,247.26,2,True,36.5,1.5
v2_shipped,360,2026-04-16,breakfast|dinner|lunch|snack,1200.0,75.0,165.0,26.7,1161,74,150,29,-3.2,-1.3,-9.1,8.6,relaxed_culinary,0.08,relaxed,0.5,1385.98,10,True,33.2,3.0
v2_shipped,361,2026-04-17,breakfast|dinner|lunch|snack,1200.0,75.0,165.0,26.7,1234,72,159,34,2.8,-4.0,-3.6,27.3,strict_relaxed_tol,0.2,strict,0.5,713.0,8,True,32.6,2.0
v2_shipped,362,2026-04-13,dinner|lunch|snack,1500.0,140.0,122.5,50.0,1530,140,130,50,2.0,0.0,6.1,0.0,strict_tight,0.08,strict,1.0,90.39,1,True,28.4,8.0
v2_shipped,363,2026-04-14,dinner|lunch|snack,1500.0,140.0,122.5,50.0,1484,131,121,53,-1.1,-6.4,-1.2,6.0,strict_tight,0.08,strict,0.5,267.17,2,True,47.2,3.0
v2_shipped,364,2026-04-15,dinner|lunch,1500.0,140.0,122.5,50.0,1380,150,121,33,-8.0,7.1,-1.2,-34.0,best_effort_lp,BEST_EFFORT_LP,relaxed,1.0,2012.43,17,True,44.8,2.0
v2_shipped,365,2026-04-16,dinner|lunch,1500.0,140.0,122.5,50.0,1518,155,127,43,1.2,10.7,3.7,-14.0,strict_relaxed_tol,0.1,strict,0.5,469.36,4,True,40.7,3.0
v2_shipped,366,2026-04-13,lunch,700.0,52.5,70.0,23.3,714,49,77,23,2.0,-6.7,10.0,-1.3,strict_relaxed_tol,0.1,strict,0.5,404.86,4,True,71.9,2.0
v2_shipped,367,2026-04-14,lunch,700.0,52.5,70.0,23.3,736,76,71,16,5.1,44.8,1.4,-31.3,best_effort_lp,BEST_EFFORT_LP,relaxed,1.0,1750.42,17,True,64.5,2.0
v2_shipped,368,2026-04-15,lunch,700.0,52.5,70.0,23.3,694,61,65,21,-0.9,16.2,-7.1,-9.9,strict_relaxed_tol,0.15,strict,0.5,562.0,6,True,56.5,2.5
v2_shipped,369,2026-04-16,lunch,700.0,52.5,70.0,23.3,573,38,56,22,-18.1,-27.6,-20.0,-5.6,best_effort_lp,BEST_EFFORT_LP,relaxed,1.0,1697.54,17,True,54.4,2.0
v2_shipped,370,2026-04-17,lunch,700.0,52.5,70.0,23.3,690,58,70,20,-1.4,10.5,0.0,-14.2,strict_relaxed_tol,0.15,strict,0.5,638.29,6,True,60.4,2.0
v2_shipped,371,2026-04-14,dinner|lunch,885.0,70.0,95.0,25.0,860,71,94,22,-2.8,1.4,-1.1,-12.0,strict_tight,0.08,strict,0.5,276.37,2,True,35.1,1.5
v2_shipped,372,2026-04-15,dinner|lunch,885.0,70.0,95.0,25.0,902,80,95,23,1.9,14.3,0.0,-8.0,strict_relaxed_tol,0.1,strict,0.5,554.23,4,True,38.4,2.0
v2_shipped,373,2026-04-16,dinner|lunch,885.0,70.0,95.0,25.0,942,76,96,29,6.4,8.6,1.1,16.0,strict_tight,0.08,strict,0.5,218.88,2,True,33.1,2.0
v2_shipped,374,2026-04-17,dinner|lunch,885.0,70.0,95.0,25.0,832,75,86,21,-6.0,7.1,-9.5,-16.0,strict_relaxed_tol,0.1,strict,1.0,301.19,3,True,41.6,2.0
v2_shipped,375,2026-04-16,breakfast|dinner|lunch|snack,1500.0,112.5,150.0,50.0,1495,112,150,50,-0.3,-0.4,0.0,0.0,strict_tight,0.08,strict,0.5,325.39,2,True,31.8,5.0
v2_shipped,376,2026-04-17,breakfast|dinner|lunch|snack,1500.0,112.5,150.0,50.0,1505,100,152,55,0.3,-11.1,1.3,10.0,strict_tight,0.08,strict,1.0,170.26,1,True,31.1,2.0
v2_shipped,377,2026-04-20,breakfast|dinner|lunch|snack,1500.0,112.5,150.0,50.0,1415,122,156,34,-5.7,8.4,4.0,-32.0,best_effort_lp,BEST_EFFORT_LP,relaxed,1.0,1912.68,17,True,18.0,2.0
v2_shipped,378,2026-04-21,breakfast|dinner|lunch|snack,1500.0,112.5,150.0,50.0,1447,113,143,47,-3.5,0.4,-4.7,-6.0,strict_tight,0.08,strict,1.0,125.78,1,True,23.6,2.0
v2_shipped,379,2026-04-20,lunch,1000.0,75.0,100.0,33.3,972,88,89,29,-2.8,17.3,-11.0,-12.9,strict_relaxed_tol,0.15,strict,0.5,552.72,6,True,65.5,3.0
v2_shipped,380,2026-04-21,lunch,1000.0,75.0,100.0,33.3,912,82,107,17,-8.8,9.3,7.0,-48.9,best_effort_lp,BEST_EFFORT_LP,relaxed,1.0,1689.01,17,True,52.1,4.0
v2_shipped,381,2026-04-22,lunch,1250.0,93.8,125.0,41.7,1210,121,127,24,-3.2,29.0,1.6,-42.4,best_effort_lp,BEST_EFFORT_LP,relaxed,1.0,1578.19,17,True,63.6,5.0
v2_shipped,382,2026-04-23,lunch,1250.0,93.8,125.0,41.7,859,102,74,17,-31.3,8.7,-40.8,-59.2,best_effort_lp,BEST_EFFORT_LP,relaxed,1.0,1642.59,17,True,79.5,2.0
v2_shipped,383,2026-04-24,lunch,1250.0,93.8,125.0,41.7,1126,103,116,28,-9.9,9.8,-7.2,-32.9,best_effort_lp,BEST_EFFORT_LP,relaxed,1.0,1736.82,17,True,60.9,5.0
v2_shipped,554,2026-05-20,lunch,700.0,52.5,70.0,23.3,736,79,68,17,5.1,50.5,-2.9,-27.0,best_effort_lp,BEST_EFFORT_LP,relaxed,1.0,1683.5,17,True,64.5,2.0
v2_shipped,558,2026-05-20,dinner|lunch|snack,1200.0,90.0,120.0,40.0,1045,94,113,24,-12.9,4.4,-5.8,-40.0,best_effort_lp,BEST_EFFORT_LP,relaxed,1.0,1682.9,17,True,29.6,2.0
v2_shipped,563,2026-05-26,dinner|lunch|snack,1500.0,140.0,122.5,50.0,1530,140,123,53,2.0,0.0,0.4,6.0,strict_tight,0.08,strict,1.0,91.96,1,True,33.9,2.0
v2_shipped,388,2026-04-20,breakfast|dinner|lunch|snack,1200.0,90.0,120.0,40.0,1223,94,122,40,1.9,4.4,1.7,0.0,strict_tight,0.08,strict,0.5,291.85,2,True,31.5,2.0
v2_shipped,389,2026-04-21,breakfast|dinner|lunch|snack,1200.0,90.0,120.0,40.0,1209,95,119,39,0.8,5.6,-0.8,-2.5,strict_tight,0.08,strict,0.5,424.87,2,True,21.1,1.5
v2_shipped,390,2026-04-22,breakfast|dinner|lunch|snack,1200.0,90.0,120.0,40.0,1197,96,119,38,-0.2,6.7,-0.8,-5.0,strict_tight,0.08,strict,0.5,237.57,2,True,28.5,1.0
v2_shipped,391,2026-04-23,breakfast|dinner|lunch|snack,1200.0,90.0,120.0,40.0,1381,89,173,37,15.1,-1.1,44.2,-7.5,best_effort_lp,BEST_EFFORT_LP,relaxed,1.0,1835.77,17,True,30.6,2.0
v2_shipped,392,2026-04-20,dinner|lunch|snack,1500.0,140.0,122.5,50.0,1560,151,126,50,4.0,7.9,2.9,0.0,strict_tight,0.08,strict,1.0,73.67,1,True,32.7,2.0
v2_shipped,393,2026-04-21,dinner|lunch|snack,1500.0,140.0,122.5,50.0,1530,151,122,49,2.0,7.9,-0.4,-2.0,strict_tight,0.08,strict,0.5,305.79,2,True,33.5,1.5
v2_shipped,394,2026-04-22,dinner|lunch|snack,1500.0,140.0,122.5,50.0,1522,135,129,52,1.5,-3.6,5.3,4.0,strict_tight,0.08,strict,0.5,315.89,2,True,33.5,2.5
v2_shipped,395,2026-04-23,dinner|lunch|snack,1500.0,140.0,122.5,50.0,1518,134,123,54,1.2,-4.3,0.4,8.0,strict_tight,0.08,strict,0.5,285.73,2,True,33.9,2.0
v2_shipped,396,2026-04-20,lunch,700.0,52.5,70.0,23.3,644,46,59,25,-8.0,-12.4,-15.7,7.3,strict_relaxed_tol,0.2,strict,0.5,853.11,8,True,68.9,1.5
v2_shipped,397,2026-04-21,lunch,700.0,52.5,70.0,23.3,736,79,68,17,5.1,50.5,-2.9,-27.0,best_effort_lp,BEST_EFFORT_LP,relaxed,1.0,1705.69,17,True,64.5,2.0
v2_shipped,398,2026-04-22,lunch,700.0,52.5,70.0,23.3,722,53,72,25,3.1,1.0,2.9,7.3,strict_tight,0.08,strict,0.5,192.36,2,True,94.1,2.0
v2_shipped,399,2026-04-23,lunch,700.0,52.5,70.0,23.3,514,34,30,29,-26.6,-35.2,-57.1,24.5,best_effort_lp,BEST_EFFORT_LP,relaxed,1.0,1677.94,17,True,100.0,2.0
v2_shipped,400,2026-04-24,lunch,700.0,52.5,70.0,23.3,676,55,71,19,-3.4,4.8,1.4,-18.5,strict_relaxed_tol,0.2,strict,0.5,844.17,8,True,56.6,2.5
v2_shipped,401,2026-04-21,dinner|lunch,885.0,70.0,95.0,25.0,878,78,89,23,-0.8,11.4,-6.3,-8.0,strict_tight,0.08,strict,0.5,227.8,2,True,29.0,1.5
v2_shipped,402,2026-04-22,dinner|lunch,885.0,70.0,95.0,25.0,858,69,94,23,-3.1,-1.4,-1.1,-8.0,strict_tight,0.08,strict,1.0,65.06,1,True,39.6,2.0
v2_shipped,403,2026-04-23,dinner|lunch,885.0,70.0,95.0,25.0,1021,62,99,42,15.4,-11.4,4.2,68.0,best_effort_lp,BEST_EFFORT_LP,relaxed,1.0,1432.32,17,True,50.3,2.0
v2_shipped,404,2026-04-24,dinner|lunch,885.0,70.0,95.0,25.0,828,62,85,27,-6.4,-11.4,-10.5,8.0,strict_relaxed_tol,0.1,strict,0.5,309.65,4,True,35.7,1.5
v2_shipped,405,2026-04-23,breakfast|dinner|lunch|snack,1500.0,112.5,150.0,50.0,1494,112,152,49,-0.4,-0.4,1.3,-2.0,strict_tight,0.08,strict,0.5,229.85,2,True,34.1,2.5
v2_shipped,406,2026-04-24,breakfast|dinner|lunch|snack,1500.0,112.5,150.0,50.0,1530,120,150,50,2.0,6.7,0.0,0.0,strict_tight,0.08,strict,1.0,163.38,1,True,22.7,2.0
v2_shipped,407,2026-04-27,lunch|snack,1250.0,93.8,125.0,41.7,1157,118,121,22,-7.4,25.8,-3.2,-47.2,best_effort_lp,BEST_EFFORT_LP,relaxed,1.0,1661.32,17,True,59.0,2.0
v2_shipped,408,2026-04-28,lunch|snack,1250.0,93.8,125.0,41.7,1075,97,125,21,-14.0,3.4,0.0,-49.6,best_effort_lp,BEST_EFFORT_LP,relaxed,1.0,1550.05,17,True,47.7,3.0
v2_shipped,409,2026-04-29,lunch|snack,1250.0,93.8,125.0,41.7,1223,86,118,45,-2.2,-8.3,-5.6,7.9,strict_tight,0.08,strict,0.5,189.39,2,True,83.3,3.0
v2_shipped,410,2026-04-30,lunch|snack,1250.0,93.8,125.0,41.7,1258,95,127,41,0.6,1.3,1.6,-1.7,strict_tight,0.08,strict,0.5,212.79,2,True,81.0,3.0
v2_shipped,411,2026-05-01,lunch|snack,1250.0,93.8,125.0,41.7,1207,96,128,35,-3.4,2.3,2.4,-16.1,strict_relaxed_tol,0.15,strict,0.5,618.18,6,True,39.3,4.0
v2_shipped,412,2026-05-01,dinner,800.0,50.0,90.0,26.7,771,51,45,43,-3.6,2.0,-50.0,61.0,best_effort_lp,BEST_EFFORT_LP,relaxed,1.0,1574.82,17,True,100.0,3.0
v2_shipped,431,2026-05-01,breakfast|dinner|lunch|snack,1200.0,90.0,120.0,40.0,1207,92,121,40,0.6,2.2,0.8,0.0,strict_tight,0.08,strict,0.5,328.09,2,True,30.7,2.0
v2_shipped,432,2026-04-28,breakfast|dinner|lunch|snack,1200.0,90.0,120.0,40.0,1193,88,118,41,-0.6,-2.2,-1.7,2.5,strict_tight,0.08,strict,0.5,287.83,2,True,24.8,1.5
v2_shipped,535,2026-05-20,dinner|lunch|snack,1500.0,140.0,122.5,50.0,1501,125,125,56,0.1,-10.7,2.0,12.0,strict_relaxed_tol,0.1,strict,0.5,327.31,4,True,34.2,2.5
v2_shipped,433,2026-04-29,breakfast|dinner|lunch|snack,1200.0,90.0,120.0,40.0,1208,85,129,39,0.7,-5.6,7.5,-2.5,strict_tight,0.08,strict,0.5,376.37,2,True,34.9,1.0
v2_shipped,418,2026-04-27,dinner|lunch|snack,1500.0,140.0,122.5,50.0,1594,133,137,57,6.3,-5.0,11.8,14.0,strict_relaxed_tol,0.1,strict,0.5,301.12,4,True,42.6,3.0
v2_shipped,419,2026-04-28,dinner|lunch|snack,1500.0,140.0,122.5,50.0,1501,97,153,56,0.1,-30.7,24.9,12.0,best_effort_lp,BEST_EFFORT_LP,relaxed,1.0,1684.88,17,True,45.2,2.0
v2_shipped,420,2026-04-29,dinner|lunch|snack,1500.0,140.0,122.5,50.0,1334,129,137,30,-11.1,-7.9,11.8,-40.0,best_effort_lp,BEST_EFFORT_LP,relaxed,1.0,1632.44,17,True,51.2,2.0
v2_shipped,421,2026-04-30,dinner|lunch|snack,1500.0,140.0,122.5,50.0,1563,155,138,43,4.2,10.7,12.7,-14.0,strict_relaxed_tol,0.1,strict,0.5,377.25,4,True,43.7,2.0
v2_shipped,422,2026-04-27,breakfast|dinner|lunch|snack,1200.0,90.0,120.0,40.0,1218,89,119,43,1.5,-1.1,-0.8,7.5,strict_tight,0.08,strict,0.5,200.61,2,True,31.6,2.0
v2_shipped,423,2026-04-27,dinner|lunch,885.0,70.0,95.0,25.0,911,73,103,23,2.9,4.3,8.4,-8.0,strict_tight,0.08,strict,1.0,109.75,1,True,27.9,2.0
v2_shipped,424,2026-04-28,dinner|lunch,885.0,70.0,95.0,25.0,928,93,97,19,4.9,32.9,2.1,-24.0,best_effort_lp,BEST_EFFORT_LP,relaxed,1.0,1630.55,17,True,36.8,2.0
v2_shipped,425,2026-04-29,dinner|lunch,885.0,70.0,95.0,25.0,961,69,103,30,8.6,-1.4,8.4,20.0,strict_relaxed_tol,0.15,strict,0.5,480.57,6,True,43.9,1.5
v2_shipped,426,2026-04-30,dinner|lunch,885.0,70.0,95.0,25.0,939,62,75,44,6.1,-11.4,-21.1,76.0,best_effort_lp,BEST_EFFORT_LP,relaxed,1.0,1131.86,17,True,54.7,2.0
v2_shipped,427,2026-05-01,dinner|lunch,885.0,70.0,95.0,25.0,895,78,90,24,1.1,11.4,-5.3,-4.0,strict_tight,0.08,strict,0.5,256.13,2,True,28.4,2.0
v2_shipped,428,2026-04-28,breakfast|dinner|lunch|snack,1200.0,90.0,120.0,40.0,1156,107,137,20,-3.7,18.9,14.2,-50.0,best_effort_lp,BEST_EFFORT_LP,relaxed,1.0,1877.43,17,True,29.5,1.0
v2_shipped,429,2026-04-29,breakfast|dinner|lunch|snack,1200.0,90.0,120.0,40.0,1177,84,116,42,-1.9,-6.7,-3.3,5.0,strict_tight,0.08,strict,0.5,418.19,2,True,26.1,2.0
v2_shipped,430,2026-04-30,breakfast|dinner|lunch|snack,1200.0,90.0,120.0,40.0,1161,80,117,41,-3.2,-11.1,-2.5,2.5,strict_tight,0.08,strict,0.5,315.08,2,True,33.2,2.5
v2_shipped,434,2026-04-30,breakfast|dinner|lunch|snack,1200.0,90.0,120.0,40.0,1178,91,110,42,-1.8,1.1,-8.3,5.0,strict_tight,0.08,strict,0.5,203.23,2,True,32.7,2.0
v2_shipped,436,2026-05-04,dinner|lunch|snack,1500.0,140.0,122.5,50.0,1442,130,115,51,-3.9,-7.1,-6.1,2.0,strict_tight,0.08,strict,1.0,114.53,1,True,28.9,7.0
v2_shipped,437,2026-05-05,dinner|lunch|snack,1500.0,140.0,122.5,50.0,1521,152,123,47,1.4,8.6,0.4,-6.0,strict_tight,0.08,strict,0.5,269.72,2,True,37.7,2.5
v2_shipped,438,2026-05-06,dinner|lunch|snack,1500.0,140.0,122.5,50.0,1489,129,122,54,-0.7,-7.9,-0.4,8.0,strict_tight,0.08,strict,0.5,366.54,2,True,30.5,2.0
v2_shipped,439,2026-05-07,dinner|lunch|snack,1500.0,140.0,122.5,50.0,1458,142,120,46,-2.8,1.4,-2.0,-8.0,strict_tight,0.08,strict,0.5,297.98,2,True,31.2,2.0
v2_shipped,440,2026-05-04,breakfast|dinner|lunch|snack,1200.0,90.0,120.0,40.0,1197,102,121,34,-0.2,13.3,0.8,-15.0,strict_relaxed_tol,0.15,strict,0.5,693.38,6,True,28.7,1.5
v2_shipped,441,2026-05-05,dinner|lunch,885.0,70.0,95.0,25.0,891,58,97,30,0.7,-17.1,2.1,20.0,strict_relaxed_tol,0.15,strict,0.5,595.47,6,True,34.8,2.5
v2_shipped,442,2026-05-06,dinner|lunch,885.0,70.0,95.0,25.0,893,73,96,24,0.9,4.3,1.1,-4.0,strict_tight,0.08,strict,1.0,111.0,1,True,33.9,1.0
v2_shipped,443,2026-05-07,dinner|lunch,885.0,70.0,95.0,25.0,875,83,83,24,-1.1,18.6,-12.6,-4.0,strict_relaxed_tol,0.2,strict,0.5,764.33,8,True,50.6,1.5
v2_shipped,444,2026-05-08,dinner|lunch,885.0,70.0,95.0,25.0,875,83,83,24,-1.1,18.6,-12.6,-4.0,strict_relaxed_tol,0.2,strict,0.5,828.97,8,True,50.6,1.5
v2_shipped,445,2026-05-06,breakfast|dinner|lunch|snack,1500.0,112.5,150.0,50.0,1542,114,160,49,2.8,1.3,6.7,-2.0,strict_tight,0.08,strict,1.0,129.04,1,True,20.7,2.0
v2_shipped,446,2026-05-06,breakfast|dinner|lunch|snack,1200.0,90.0,120.0,40.0,1213,90,122,40,1.1,0.0,1.7,0.0,strict_tight,0.08,strict,0.5,211.25,2,True,25.0,1.5
v2_shipped,447,2026-05-07,breakfast|dinner|lunch|snack,1200.0,90.0,120.0,40.0,1199,89,128,37,-0.1,-1.1,6.7,-7.5,strict_tight,0.08,strict,0.5,226.22,2,True,27.3,2.0
v2_shipped,448,2026-05-08,breakfast|dinner|lunch|snack,1200.0,90.0,120.0,40.0,1267,105,106,47,5.6,16.7,-11.7,17.5,strict_relaxed_tol,0.15,strict,0.5,754.4,6,True,27.1,3.5
v2_shipped,449,2026-05-06,breakfast|dinner|lunch|snack,1400.0,105.0,140.0,46.7,1400,105,140,47,0.0,0.0,0.0,0.6,strict_tight,0.08,strict,0.5,402.35,2,True,24.8,2.0
v2_shipped,450,2026-05-08,breakfast|dinner|lunch|snack,1400.0,105.0,140.0,46.7,1363,99,137,47,-2.6,-5.7,-2.1,0.6,strict_tight,0.08,strict,0.5,411.1,2,True,26.1,3.5
v2_shipped,451,2026-05-12,breakfast|dinner|lunch|snack,1400.0,105.0,140.0,46.7,1440,102,141,52,2.9,-2.9,0.7,11.3,strict_tight,0.08,strict,1.0,139.49,1,True,16.5,2.0
v2_shipped,452,2026-05-08,dinner,800.0,50.0,90.0,26.7,740,52,78,25,-7.5,4.0,-13.3,-6.4,strict_relaxed_tol,0.2,strict,1.0,728.4,7,True,88.4,2.0
v2_shipped,453,2026-05-11,dinner|lunch|snack,1500.0,140.0,122.5,50.0,1416,132,114,48,-5.6,-5.7,-6.9,-4.0,strict_tight,0.08,strict,1.0,167.33,1,True,29.5,2.0
v2_shipped,454,2026-05-12,dinner|lunch|snack,1500.0,140.0,122.5,50.0,1477,133,122,51,-1.5,-5.0,-0.4,2.0,strict_tight,0.08,strict,0.5,431.57,2,True,35.3,2.5
v2_shipped,455,2026-05-13,dinner|lunch|snack,1500.0,140.0,122.5,50.0,1461,137,119,48,-2.6,-2.1,-2.9,-4.0,strict_tight,0.08,strict,1.0,118.03,1,True,31.4,2.0
v2_shipped,456,2026-05-14,dinner|lunch|snack,1500.0,140.0,122.5,50.0,1514,145,118,51,0.9,3.6,-3.7,2.0,strict_tight,0.08,strict,1.0,95.82,1,True,41.0,2.0
v2_shipped,457,2026-05-11,breakfast|dinner|lunch|snack,1500.0,112.5,150.0,50.0,1508,113,142,55,0.5,0.4,-5.3,10.0,strict_tight,0.08,strict,0.5,250.95,2,True,30.1,2.0
v2_shipped,458,2026-05-13,dinner|lunch|snack,1320.0,120.0,120.0,40.0,1333,117,118,44,1.0,-2.5,-1.7,10.0,strict_tight,0.08,strict,0.5,317.71,2,True,34.1,2.0
v2_shipped,459,2026-05-14,dinner|lunch|snack,1320.0,120.0,120.0,40.0,1333,121,120,41,1.0,0.8,0.0,2.5,strict_tight,0.08,strict,0.5,246.95,2,True,36.8,2.0
v2_shipped,460,2026-05-15,dinner|lunch|snack,1320.0,120.0,120.0,40.0,1311,121,107,44,-0.7,0.8,-10.8,10.0,strict_relaxed_tol,0.1,strict,0.5,634.49,4,True,43.7,3.5
v2_shipped,555,2026-05-21,lunch,700.0,52.5,70.0,23.3,514,34,30,29,-26.6,-35.2,-57.1,24.5,best_effort_lp,BEST_EFFORT_LP,relaxed,1.0,1484.45,17,True,100.0,2.0
v2_shipped,559,2026-05-21,dinner|lunch|snack,1200.0,90.0,120.0,40.0,1219,88,120,43,1.6,-2.2,0.0,7.5,strict_tight,0.08,strict,0.5,328.62,2,True,38.4,2.5
v2_shipped,560,2026-05-22,dinner|lunch|snack,1200.0,90.0,120.0,40.0,1249,116,96,45,4.1,28.9,-20.0,12.5,best_effort_lp,BEST_EFFORT_LP,relaxed,1.0,1732.57,17,True,49.5,2.0
v2_shipped,564,2026-05-27,lunch|snack,1500.0,140.0,122.5,50.0,1451,141,122,44,-3.3,0.7,-0.4,-12.0,strict_tight,0.08,strict,1.0,125.23,1,True,38.3,4.0
v2_shipped,565,2026-05-28,lunch|snack,1500.0,140.0,122.5,50.0,1449,160,109,41,-3.4,14.3,-11.0,-18.0,strict_relaxed_tol,0.15,strict,0.5,590.93,6,True,59.9,4.0
v2_shipped,569,2026-05-29,breakfast|dinner|lunch|snack,1200.0,90.0,120.0,40.0,1170,88,120,38,-2.5,-2.2,0.0,-5.0,strict_tight,0.08,strict,0.5,334.51,2,True,26.4,1.5
v2_shipped,572,2026-06-01,breakfast|lunch|snack,2000.0,150.0,200.0,66.7,2004,150,201,67,0.2,0.0,0.5,0.4,strict_tight,0.08,strict,1.0,176.35,1,True,26.7,4.0
v2_shipped,575,2026-06-02,breakfast|dinner|lunch|snack,1200.0,90.0,120.0,40.0,1202,90,119,41,0.2,0.0,-0.8,2.5,strict_tight,0.08,strict,0.5,379.48,2,True,29.6,2.0
v2_shipped,577,2026-06-05,breakfast|dinner|lunch|snack,1200.0,90.0,120.0,40.0,1234,84,168,25,2.8,-6.7,40.0,-37.5,best_effort_lp,BEST_EFFORT_LP,relaxed,1.0,1951.09,17,True,23.6,1.0
v2_shipped,579,2026-06-01,dinner|lunch|snack,1500.0,140.0,122.5,50.0,1511,140,121,52,0.7,0.0,-1.2,4.0,strict_tight,0.08,strict,1.0,229.12,1,True,31.4,3.0
v2_shipped,580,2026-06-02,dinner|lunch,1500.0,140.0,122.5,50.0,1489,135,120,52,-0.7,-3.6,-2.0,4.0,strict_tight,0.08,strict,0.5,316.93,2,True,31.4,4.0
v2_shipped,581,2026-06-03,dinner|lunch|snack,1500.0,140.0,122.5,50.0,1376,91,147,47,-8.3,-35.0,20.0,-6.0,best_effort_lp,BEST_EFFORT_LP,relaxed,1.0,2067.58,17,True,30.7,2.0
v2_shipped,582,2026-06-04,dinner|lunch|snack,1500.0,140.0,122.5,50.0,1445,121,134,47,-3.7,-13.6,9.4,-6.0,strict_relaxed_tol,0.15,strict,0.5,822.21,6,True,35.3,3.0
v2_shipped,588,2026-06-02,lunch,700.0,52.5,70.0,23.3,726,38,75,30,3.7,-27.6,7.1,28.8,best_effort_lp,BEST_EFFORT_LP,relaxed,1.0,1950.21,17,True,42.3,3.0
v2_shipped,591,2026-06-05,lunch,700.0,52.5,70.0,23.3,714,49,77,23,2.0,-6.7,10.0,-1.3,strict_relaxed_tol,0.1,strict,0.5,366.34,4,True,71.9,2.0
v2_shipped,595,2026-06-08,breakfast|dinner|lunch|snack,1100.0,82.5,110.0,36.7,1115,68,115,43,1.4,-17.6,4.5,17.2,strict_relaxed_tol,0.15,strict,0.5,543.9,6,True,30.5,2.0
v2_shipped,618,2026-06-08,dinner,1500.0,140.0,122.5,50.0,1444,107,143,49,-3.7,-23.6,16.7,-2.0,best_effort_lp,BEST_EFFORT_LP,relaxed,1.0,1239.54,17,True,94.1,4.0
v2_shipped,619,2026-06-09,dinner|lunch|snack,1500.0,140.0,122.5,50.0,1087,82,121,31,-27.5,-41.4,-1.2,-38.0,best_effort_lp,BEST_EFFORT_LP,relaxed,1.0,1461.76,17,True,38.8,2.0
v2_shipped,621,2026-06-11,dinner|lunch,1500.0,140.0,122.5,50.0,1272,83,147,39,-15.2,-40.7,20.0,-22.0,best_effort_lp,BEST_EFFORT_LP,relaxed,1.0,1743.9,17,True,53.4,2.0
v2_shipped,820,2026-07-15,dinner|lunch,1000.0,70.0,118.0,28.0,1009,86,108,26,0.9,22.9,-8.5,-7.1,strict_relaxed_tol,0.2,strict,0.5,1151.32,8,True,21.8,2.5
v2_shipped,822,2026-07-17,dinner|lunch,1000.0,70.0,118.0,28.0,904,91,76,26,-9.6,30.0,-35.6,-7.1,best_effort_lp,BEST_EFFORT_LP,relaxed,1.0,1568.86,17,True,32.7,2.0
v2_shipped,626,2026-06-09,lunch,700.0,52.5,70.0,23.3,736,76,71,16,5.1,44.8,1.4,-31.3,best_effort_lp,BEST_EFFORT_LP,relaxed,1.0,1670.89,17,True,64.5,2.0
v2_shipped,536,2026-05-21,lunch,1500.0,140.0,122.5,50.0,1441,156,115,40,-3.9,11.4,-6.1,-20.0,strict_relaxed_tol,0.2,strict,1.0,583.97,7,True,60.2,4.0
v2_shipped,628,2026-06-11,lunch,700.0,52.5,70.0,23.3,722,53,72,25,3.1,1.0,2.9,7.3,strict_tight,0.08,strict,0.5,259.17,2,True,94.1,2.0
v2_shipped,629,2026-06-12,lunch,700.0,52.5,70.0,23.3,714,49,77,23,2.0,-6.7,10.0,-1.3,strict_relaxed_tol,0.1,strict,0.5,545.2,4,True,71.9,2.0
v2_shipped,630,2026-06-15,lunch,700.0,52.5,70.0,23.3,701,54,66,25,0.1,2.9,-5.7,7.3,strict_tight,0.08,strict,0.5,233.94,2,True,83.3,2.5
v2_shipped,637,2026-06-16,lunch|snack,1500.0,140.0,122.5,50.0,1472,130,133,46,-1.9,-7.1,8.6,-8.0,strict_tight,0.08,strict,1.0,123.54,1,True,39.3,3.0
v2_shipped,556,2026-05-22,lunch,700.0,52.5,70.0,23.3,690,58,70,20,-1.4,10.5,0.0,-14.2,strict_relaxed_tol,0.15,strict,0.5,737.99,6,True,60.4,2.0
v2_shipped,561,2026-05-22,breakfast|lunch,1000.0,75.0,100.0,33.3,1029,68,104,38,2.9,-9.3,4.0,14.1,strict_relaxed_tol,0.1,strict,0.5,496.86,4,True,45.4,3.5
v2_shipped,566,2026-05-26,breakfast|dinner|lunch|snack,1200.0,90.0,120.0,40.0,1193,88,120,41,-0.6,-2.2,0.0,2.5,strict_tight,0.08,strict,0.5,487.68,2,True,26.1,2.0
v2_shipped,567,2026-05-27,breakfast|dinner|lunch|snack,1200.0,90.0,120.0,40.0,1217,94,121,40,1.4,4.4,0.8,0.0,strict_tight,0.08,strict,0.5,474.95,2,True,22.8,1.5
v2_shipped,570,2026-05-29,lunch,700.0,52.5,70.0,23.3,514,34,30,29,-26.6,-35.2,-57.1,24.5,best_effort_lp,BEST_EFFORT_LP,relaxed,1.0,1968.77,17,True,100.0,2.0
v2_shipped,573,2026-06-02,breakfast|lunch|snack,2000.0,150.0,200.0,66.7,2020,152,202,67,1.0,1.3,1.0,0.4,strict_tight,0.08,strict,1.0,188.08,1,True,37.8,4.0
v2_shipped,576,2026-06-03,breakfast|dinner|lunch|snack,1200.0,90.0,120.0,40.0,1286,100,156,29,7.2,11.1,30.0,-27.5,best_effort_lp,BEST_EFFORT_LP,relaxed,1.0,1981.35,17,True,24.4,2.0
v2_shipped,583,2026-06-01,dinner|lunch|snack,2442.0,107.0,355.0,66.0,2365,118,338,60,-3.2,10.3,-4.8,-9.1,strict_tight,0.08,strict,0.5,268.18,2,True,24.4,4.5
v2_shipped,587,2026-06-05,dinner|lunch|snack,2442.0,107.0,355.0,66.0,2429,123,356,57,-0.5,15.0,0.3,-13.6,strict_tight,0.08,strict,0.5,288.44,2,True,37.0,4.0
v2_shipped,589,2026-06-03,lunch,700.0,52.5,70.0,23.3,694,61,65,21,-0.9,16.2,-7.1,-9.9,strict_relaxed_tol,0.15,strict,0.5,458.8,6,True,56.5,2.5
v2_shipped,592,2026-06-03,breakfast|dinner|lunch|snack,1100.0,82.5,110.0,36.7,1125,84,110,39,2.3,1.8,0.0,6.3,strict_tight,0.08,strict,0.5,223.47,2,True,33.9,1.5
v2_shipped,596,2026-06-09,breakfast|dinner|lunch|snack,1100.0,82.5,110.0,36.7,1100,82,110,37,0.0,-0.6,0.0,0.8,strict_tight,0.08,strict,0.5,211.14,2,True,23.3,2.5
v2_shipped,599,2026-06-12,breakfast|dinner|lunch|snack,1100.0,82.5,110.0,36.7,1041,75,112,33,-5.4,-9.1,1.8,-10.1,strict_tight,0.08,strict,0.5,131.41,2,True,24.5,2.0
v2_shipped,600,2026-06-15,breakfast|dinner|lunch|snack,1100.0,82.5,110.0,36.7,1112,83,112,37,1.1,0.6,1.8,0.8,strict_tight,0.08,strict,0.5,226.92,2,True,24.1,1.5
v2_shipped,602,2026-06-17,breakfast|dinner|lunch|snack,1100.0,82.5,110.0,36.7,1118,80,107,41,1.6,-3.0,-2.7,11.7,strict_tight,0.08,strict,0.5,297.31,2,True,21.2,1.0
v2_shipped,604,2026-06-19,breakfast|dinner|lunch|snack,1100.0,82.5,110.0,36.7,1107,84,126,30,0.6,1.8,14.5,-18.3,strict_relaxed_tol,0.2,strict,0.5,1116.89,8,True,37.7,1.5
v2_shipped,640,2026-06-19,lunch|snack,1500.0,140.0,122.5,50.0,1472,130,133,46,-1.9,-7.1,8.6,-8.0,strict_tight,0.08,strict,1.0,90.3,1,True,39.3,3.0
v2_shipped,777,2026-07-02,lunch,700.0,52.5,70.0,23.3,697,51,72,23,-0.4,-2.9,2.9,-1.3,strict_tight,0.08,strict,0.5,216.46,2,True,93.9,2.0
v2_shipped,843,2026-08-04,breakfast|dinner|lunch|snack,1700.0,119.0,200.0,47.0,1704,134,185,48,0.2,12.6,-7.5,2.1,strict_tight,0.08,strict,1.0,237.79,1,True,23.3,2.0
v2_shipped,779,2026-07-20,dinner|lunch,1410.0,150.0,68.0,60.0,995,82,91,34,-29.4,-45.3,33.8,-43.3,best_effort_lp,BEST_EFFORT_LP,relaxed,1.0,1835.95,17,True,34.1,2.0
v2_shipped,733,2026-06-24,lunch,700.0,52.5,70.0,23.3,514,34,30,29,-26.6,-35.2,-57.1,24.5,best_effort_lp,BEST_EFFORT_LP,relaxed,1.0,2168.13,17,True,100.0,2.0
v2_shipped,735,2026-06-26,lunch,700.0,52.5,70.0,23.3,690,58,70,20,-1.4,10.5,0.0,-14.2,strict_relaxed_tol,0.15,strict,0.5,561.43,6,True,60.4,2.0
v2_shipped,736,2026-06-29,lunch,700.0,52.5,70.0,23.3,775,79,71,19,10.7,50.5,1.4,-18.5,best_effort_lp,BEST_EFFORT_LP,relaxed,1.0,1135.96,17,True,56.0,2.0
v2_shipped,856,2026-08-05,breakfast|dinner|lunch|snack,1900.0,133.0,223.0,53.0,1918,149,223,48,0.9,12.0,0.0,-9.4,strict_tight,0.08,strict,1.0,76.24,1,True,36.1,4.0
v2_shipped,858,2026-08-04,breakfast|lunch,1600.0,175.0,68.0,70.0,1606,175,68,71,0.4,0.0,0.0,1.4,strict_tight,0.08,strict,0.5,144.47,2,False,37.7,18.0
v2_shipped,860,2026-08-06,breakfast|lunch,1600.0,175.0,68.0,70.0,1630,185,82,62,1.9,5.7,20.6,-11.4,strict_relaxed_tol,0.1,strict,0.5,262.35,4,True,67.1,5.5
v2_shipped,862,2026-08-03,dinner|lunch,1140.0,95.0,100.0,40.0,1143,94,101,40,0.3,-1.1,1.0,0.0,strict_tight,0.08,strict,0.5,186.36,2,True,31.2,3.5
v2_shipped,804,2026-07-06,lunch,700.0,52.5,70.0,23.3,677,63,64,19,-3.3,20.0,-8.6,-18.5,strict_relaxed_tol,0.2,strict,0.5,518.17,8,True,52.6,1.5
v2_shipped,864,2026-08-05,dinner|lunch,1140.0,95.0,100.0,40.0,1058,83,119,28,-7.2,-12.6,19.0,-30.0,best_effort_lp,BEST_EFFORT_LP,relaxed,1.0,1512.98,17,True,39.9,2.0
v2_shipped,865,2026-08-06,dinner|lunch,1140.0,95.0,100.0,40.0,1254,113,96,46,10.0,18.9,-4.0,15.0,strict_relaxed_tol,0.2,strict,1.0,651.95,7,True,47.1,2.0
v2_shipped,806,2026-07-08,lunch,700.0,52.5,70.0,23.3,723,78,67,16,3.3,48.6,-4.3,-31.3,best_effort_lp,BEST_EFFORT_LP,relaxed,1.0,1799.59,17,True,73.7,2.0
v2_shipped,807,2026-07-09,lunch,700.0,52.5,70.0,23.3,779,89,57,22,11.3,69.5,-18.6,-5.6,best_effort_lp,BEST_EFFORT_LP,relaxed,1.0,1691.01,17,True,75.8,3.0
v2_shipped,866,2026-08-17,dinner|lunch,1140.0,95.0,100.0,40.0,1140,91,100,42,0.0,-4.2,0.0,5.0,strict_tight,0.08,strict,0.5,358.01,2,True,36.6,2.0
v2_shipped,809,2026-07-09,dinner|lunch,1140.0,95.0,100.0,40.0,950,93,97,21,-16.7,-2.1,-3.0,-47.5,best_effort_lp,BEST_EFFORT_LP,relaxed,1.0,1703.58,17,True,35.9,2.0
v2_shipped,812,2026-07-20,dinner|lunch,1140.0,95.0,100.0,40.0,1091,95,91,39,-4.3,0.0,-9.0,-2.5,strict_tight,0.08,strict,1.0,100.16,1,True,28.8,6.0
v2_shipped,867,2026-08-18,dinner|lunch,1140.0,95.0,100.0,40.0,1105,119,98,26,-3.1,25.3,-2.0,-35.0,best_effort_lp,BEST_EFFORT_LP,relaxed,1.0,1671.14,17,True,43.0,2.0
v2_shipped,817,2026-07-28,dinner|lunch,1140.0,95.0,100.0,40.0,1188,89,104,46,4.2,-6.3,4.0,15.0,strict_relaxed_tol,0.15,strict,0.5,610.15,6,True,43.2,3.0
v2_shipped,818,2026-07-29,dinner|lunch,1140.0,95.0,100.0,40.0,1144,93,116,34,0.4,-2.1,16.0,-15.0,strict_relaxed_tol,0.15,strict,0.5,665.31,6,True,36.9,2.5
v2_shipped,868,2026-08-19,dinner|lunch,1140.0,95.0,100.0,40.0,1156,104,105,36,1.4,9.5,5.0,-10.0,strict_tight,0.08,strict,0.5,201.55,2,True,40.4,2.0
v2_shipped,871,2026-08-25,dinner|lunch,1140.0,95.0,100.0,40.0,1067,97,92,35,-6.4,2.1,-8.0,-12.5,strict_relaxed_tol,0.1,strict,0.5,415.7,4,True,29.3,1.5
v2_shipped,872,2026-08-26,dinner|lunch,1140.0,95.0,100.0,40.0,1153,98,101,39,1.1,3.2,1.0,-2.5,strict_tight,0.08,strict,0.5,319.53,2,True,32.2,3.0
v2_shipped,873,2026-08-27,dinner|lunch,1140.0,95.0,100.0,40.0,1160,113,94,37,1.8,18.9,-6.0,-7.5,strict_relaxed_tol,0.2,strict,0.5,960.47,8,True,40.0,1.5
v2_shipped,876,2026-08-11,breakfast|dinner|lunch|snack,3020.0,189.0,445.0,54.0,2945,167,409,71,-2.5,-11.6,-8.1,31.5,relaxed_culinary,0.15,relaxed,0.5,1529.67,14,True,34.9,8.0
v2_shipped,878,2026-08-10,lunch,1650.0,136.0,144.0,59.0,1723,156,166,48,4.4,14.7,15.3,-18.6,strict_relaxed_tol,0.2,strict,0.5,849.48,8,True,56.4,5.5
v2_shipped,880,2026-08-12,lunch,1650.0,136.0,144.0,59.0,1431,129,145,37,-13.3,-5.1,0.7,-37.3,best_effort_lp,BEST_EFFORT_LP,relaxed,1.0,1686.9,17,True,53.6,5.0
v2_shipped,882,2026-08-14,lunch,1650.0,136.0,144.0,59.0,1635,129,138,63,-0.9,-5.1,-4.2,6.8,strict_tight,0.08,strict,0.5,226.2,2,True,63.2,4.5
v2_shipped,883,2026-08-10,lunch,700.0,52.5,70.0,23.3,690,58,70,20,-1.4,10.5,0.0,-14.2,strict_relaxed_tol,0.15,strict,0.5,660.82,6,True,60.4,2.0
v2_shipped,885,2026-08-12,lunch,700.0,52.5,70.0,23.3,708,57,77,19,1.1,8.6,10.0,-18.5,strict_relaxed_tol,0.15,strict,0.5,676.76,6,True,65.8,1.5
v2_shipped,886,2026-08-13,lunch,700.0,52.5,70.0,23.3,644,46,59,25,-8.0,-12.4,-15.7,7.3,strict_relaxed_tol,0.2,strict,0.5,841.97,8,True,68.9,1.5
v2_shipped,887,2026-08-14,lunch,700.0,52.5,70.0,23.3,676,55,71,19,-3.4,4.8,1.4,-18.5,strict_relaxed_tol,0.2,strict,0.5,873.16,8,True,56.6,2.5
v2_shipped,889,2026-08-13,breakfast|dinner|lunch|snack,2200.0,154.0,259.0,61.0,2226,159,254,64,1.2,3.2,-1.9,4.9,strict_tight,0.08,strict,1.0,236.35,1,True,25.0,3.0
v2_shipped,891,2026-08-18,breakfast|dinner|lunch|snack,2000.0,125.0,295.0,36.0,2114,116,238,78,5.7,-7.2,-19.3,116.7,best_effort_lp,BEST_EFFORT_LP,relaxed,1.0,1889.61,17,True,22.1,5.0
v2_shipped,620,2026-06-10,dinner|lunch|snack,1500.0,140.0,122.5,50.0,1510,145,137,43,0.7,3.6,11.8,-14.0,strict_relaxed_tol,0.1,strict,0.5,500.57,4,True,45.0,2.5
v2_shipped,821,2026-07-16,dinner|lunch,1000.0,70.0,118.0,28.0,1006,96,104,23,0.6,37.1,-11.9,-17.9,best_effort_lp,BEST_EFFORT_LP,relaxed,1.0,2728.05,17,True,33.9,2.0
v2_shipped,627,2026-06-10,lunch,700.0,52.5,70.0,23.3,694,61,65,21,-0.9,16.2,-7.1,-9.9,strict_relaxed_tol,0.15,strict,0.5,740.58,6,True,56.5,2.5
v2_shipped,552,2026-05-18,lunch,700.0,52.5,70.0,23.3,573,38,56,22,-18.1,-27.6,-20.0,-5.6,best_effort_lp,BEST_EFFORT_LP,relaxed,1.0,2040.82,17,True,54.4,2.0
v2_shipped,553,2026-05-19,lunch,700.0,52.5,70.0,23.3,780,79,68,21,11.4,50.5,-2.9,-9.9,best_effort_lp,BEST_EFFORT_LP,relaxed,1.0,2415.57,17,True,66.5,2.0
v2_shipped,557,2026-05-19,dinner|lunch|snack,1200.0,90.0,120.0,40.0,1195,92,106,45,-0.4,2.2,-11.7,12.5,relaxed_culinary,0.15,relaxed,0.5,2040.61,14,True,32.3,2.0
v2_shipped,562,2026-05-25,dinner|lunch|snack,1500.0,140.0,122.5,50.0,1505,160,127,40,0.3,14.3,3.7,-20.0,strict_relaxed_tol,0.2,strict,1.0,836.87,7,True,41.0,2.0
v2_shipped,568,2026-05-28,breakfast|dinner|lunch|snack,1200.0,90.0,120.0,40.0,1122,72,102,48,-6.5,-20.0,-15.0,20.0,relaxed_culinary,0.2,relaxed,1.0,1605.02,15,True,22.9,1.0
v2_shipped,571,2026-05-29,breakfast|lunch,600.0,45.0,60.0,20.0,606,43,62,21,1.0,-4.4,3.3,5.0,strict_tight,0.08,strict,0.5,251.0,2,False,39.2,1.0
v2_shipped,574,2026-06-01,breakfast|dinner|lunch|snack,1200.0,90.0,120.0,40.0,1304,86,181,26,8.7,-4.4,50.8,-35.0,best_effort_lp,BEST_EFFORT_LP,relaxed,1.0,1872.06,17,True,22.3,2.0
v2_shipped,578,2026-06-01,breakfast|lunch,600.0,45.0,60.0,20.0,600,47,59,20,0.0,4.4,-1.7,0.0,strict_tight,0.08,strict,0.5,227.79,2,False,39.0,2.5
v2_shipped,584,2026-06-02,dinner|lunch|snack,2442.0,107.0,355.0,66.0,2415,153,346,46,-1.1,43.0,-2.5,-30.3,best_effort_lp,BEST_EFFORT_LP,relaxed,1.0,2017.87,17,True,31.9,6.0
v2_shipped,585,2026-06-03,dinner|lunch|snack,2442.0,107.0,355.0,66.0,2207,122,353,34,-9.6,14.0,-0.6,-48.5,best_effort_lp,BEST_EFFORT_LP,relaxed,1.0,1993.47,17,True,31.4,5.0
v2_shipped,586,2026-06-04,dinner|lunch|snack,2442.0,107.0,355.0,66.0,2442,129,354,57,0.0,20.6,-0.3,-13.6,strict_tight,0.08,strict,0.5,251.4,2,True,34.8,4.5
v2_shipped,590,2026-06-04,lunch,700.0,52.5,70.0,23.3,722,53,72,25,3.1,1.0,2.9,7.3,strict_tight,0.08,strict,0.5,275.73,2,True,94.1,2.0
v2_shipped,593,2026-06-04,breakfast|dinner|lunch|snack,1100.0,82.5,110.0,36.7,1097,75,117,37,-0.3,-9.1,6.4,0.8,relaxed_culinary,0.08,relaxed,0.5,1350.17,10,True,31.0,2.0
v2_shipped,594,2026-06-05,breakfast|dinner|lunch|snack,1100.0,82.5,110.0,36.7,1090,81,109,37,-0.9,-1.8,-0.9,0.8,strict_tight,0.08,strict,0.5,458.09,2,True,22.9,3.5
v2_shipped,597,2026-06-10,breakfast|dinner|lunch|snack,1100.0,82.5,110.0,36.7,1134,70,119,42,3.1,-15.2,8.2,14.4,strict_relaxed_tol,0.1,strict,0.5,625.05,4,True,37.2,1.5
v2_shipped,598,2026-06-11,breakfast|dinner|lunch|snack,1100.0,82.5,110.0,36.7,1079,96,107,29,-1.9,16.4,-2.7,-21.0,strict_relaxed_tol,0.2,strict,0.5,865.6,8,True,35.4,1.5
v2_shipped,601,2026-06-16,breakfast|dinner|lunch|snack,1100.0,82.5,110.0,36.7,1125,85,115,36,2.3,3.0,4.5,-1.9,strict_tight,0.08,strict,0.5,243.69,2,True,37.8,2.0
v2_shipped,603,2026-06-18,breakfast|dinner|lunch|snack,1100.0,82.5,110.0,36.7,1099,80,111,37,-0.1,-3.0,0.9,0.8,strict_tight,0.08,strict,0.5,334.94,2,True,26.9,1.0
v2_shipped,776,2026-07-01,lunch,700.0,52.5,70.0,23.3,677,63,64,19,-3.3,20.0,-8.6,-18.5,strict_relaxed_tol,0.2,strict,0.5,737.7,8,True,52.6,1.5
v2_shipped,507,2026-05-13,breakfast|dinner|lunch|snack,1200.0,90.0,120.0,40.0,1194,80,121,43,-0.5,-11.1,0.8,7.5,strict_tight,0.08,strict,0.5,298.61,2,True,39.0,2.0
v2_shipped,508,2026-05-14,breakfast|dinner|lunch|snack,1200.0,90.0,120.0,40.0,1217,96,119,40,1.4,6.7,-0.8,0.0,strict_tight,0.08,strict,0.5,566.98,2,True,21.9,1.5
v2_shipped,509,2026-05-15,breakfast|dinner|lunch|snack,1200.0,90.0,120.0,40.0,1164,79,121,41,-3.0,-12.2,0.8,2.5,strict_tight,0.08,strict,1.0,108.5,1,True,17.6,2.0
v2_shipped,510,2026-05-18,breakfast|dinner|lunch|snack,1200.0,90.0,120.0,40.0,1204,95,118,39,0.3,5.6,-1.7,-2.5,strict_tight,0.08,strict,0.5,276.93,2,True,25.9,1.5
v2_shipped,511,2026-05-19,breakfast|dinner|lunch|snack,1200.0,90.0,120.0,40.0,1212,92,121,40,1.0,2.2,0.8,0.0,strict_tight,0.08,strict,0.5,393.58,2,True,28.9,1.5
v2_shipped,512,2026-05-20,breakfast|dinner|lunch|snack,1200.0,90.0,120.0,40.0,1192,85,119,42,-0.7,-5.6,-0.8,5.0,strict_tight,0.08,strict,0.5,352.57,2,True,28.9,2.5
v2_shipped,513,2026-05-21,breakfast|dinner|lunch|snack,1200.0,90.0,120.0,40.0,1242,94,115,45,3.5,4.4,-4.2,12.5,strict_relaxed_tol,0.1,strict,0.5,354.94,4,True,24.9,2.0
v2_shipped,514,2026-05-22,breakfast|dinner|lunch|snack,1200.0,90.0,120.0,40.0,1211,89,128,38,0.9,-1.1,6.7,-5.0,strict_tight,0.08,strict,0.5,228.23,2,True,22.9,1.5
v2_shipped,515,2026-05-25,breakfast|dinner|lunch|snack,1200.0,90.0,120.0,40.0,1169,86,123,37,-2.6,-4.4,2.5,-7.5,strict_tight,0.08,strict,1.0,80.19,1,True,20.0,2.0
v2_shipped,516,2026-05-26,breakfast|dinner|lunch|snack,1200.0,90.0,120.0,40.0,1253,101,119,41,4.4,12.2,-0.8,2.5,strict_tight,0.08,strict,0.5,301.78,2,True,37.3,1.5
v2_shipped,517,2026-05-27,breakfast|dinner|lunch|snack,1200.0,90.0,120.0,40.0,1240,91,123,43,3.3,1.1,2.5,7.5,strict_tight,0.08,strict,1.0,150.1,1,True,20.9,2.0
v2_shipped,518,2026-05-28,breakfast|dinner|lunch|snack,1200.0,90.0,120.0,40.0,1211,93,119,40,0.9,3.3,-0.8,0.0,strict_tight,0.08,strict,0.5,418.18,2,True,19.6,1.5
v2_shipped,519,2026-05-29,breakfast|dinner|lunch|snack,1200.0,90.0,120.0,40.0,1217,95,118,40,1.4,5.6,-1.7,0.0,strict_tight,0.08,strict,0.5,267.44,2,True,38.1,1.5
v2_shipped,844,2026-08-05,breakfast|dinner|lunch|snack,1700.0,119.0,200.0,47.0,1673,115,188,51,-1.6,-3.4,-6.0,8.5,strict_tight,0.08,strict,0.5,371.94,2,True,22.9,3.5
v2_shipped,778,2026-07-03,lunch,700.0,52.5,70.0,23.3,644,46,59,25,-8.0,-12.4,-15.7,7.3,strict_relaxed_tol,0.2,strict,0.5,797.6,8,True,68.9,1.5
v2_shipped,636,2026-06-15,lunch|snack,1500.0,140.0,122.5,50.0,1448,154,118,40,-3.5,10.0,-3.7,-20.0,strict_relaxed_tol,0.2,strict,1.0,705.53,7,True,59.9,4.0
v2_shipped,638,2026-06-17,dinner|lunch|snack,1500.0,140.0,122.5,50.0,1513,141,126,50,0.9,0.7,2.9,0.0,strict_tight,0.08,strict,0.5,266.17,2,True,29.3,3.0
v2_shipped,639,2026-06-18,lunch|snack,1500.0,140.0,122.5,50.0,1448,154,118,40,-3.5,10.0,-3.7,-20.0,strict_relaxed_tol,0.2,strict,1.0,657.11,7,True,59.9,4.0
v2_shipped,855,2026-08-04,breakfast|dinner|lunch|snack,1900.0,133.0,223.0,53.0,1828,134,202,54,-3.8,0.8,-9.4,1.9,strict_tight,0.08,strict,0.5,306.69,2,True,29.4,3.5
v2_shipped,857,2026-08-03,breakfast|lunch|snack,1600.0,175.0,68.0,70.0,1631,160,76,77,1.9,-8.6,11.8,10.0,strict_tight,0.08,strict,0.5,183.51,2,True,41.4,3.5
v2_shipped,859,2026-08-05,breakfast|lunch|snack,1600.0,175.0,68.0,70.0,1496,128,103,63,-6.5,-26.9,51.5,-10.0,best_effort_lp,BEST_EFFORT_LP,relaxed,1.0,1547.31,17,True,41.5,5.0
v2_shipped,861,2026-08-07,breakfast|lunch|snack,1600.0,175.0,68.0,70.0,1596,160,85,68,-0.2,-8.6,25.0,-2.9,relaxed_culinary,0.1,relaxed,0.5,1191.31,12,True,64.5,4.5
v2_shipped,863,2026-08-04,dinner|lunch,1140.0,95.0,100.0,40.0,1134,103,87,41,-0.5,8.4,-13.0,2.5,relaxed_culinary,0.1,relaxed,0.5,1198.52,12,True,35.3,2.5
v2_shipped,869,2026-08-20,dinner|lunch,1140.0,95.0,100.0,40.0,1158,88,106,43,1.6,-7.4,6.0,7.5,strict_tight,0.08,strict,0.5,225.26,2,True,30.8,2.0
v2_shipped,870,2026-08-24,dinner|lunch,1140.0,95.0,100.0,40.0,1160,113,94,37,1.8,18.9,-6.0,-7.5,strict_relaxed_tol,0.2,strict,0.5,899.83,8,True,40.0,1.5
v2_shipped,874,2026-08-31,dinner|lunch,1140.0,95.0,100.0,40.0,1133,80,99,46,-0.6,-15.8,-1.0,15.0,strict_relaxed_tol,0.15,strict,0.5,596.31,6,True,51.6,2.5
v2_shipped,840,2026-08-04,breakfast|dinner|lunch|snack,1450.0,102.0,170.0,40.0,1437,102,170,39,-0.9,0.0,0.0,-2.5,strict_tight,0.08,strict,1.0,205.58,1,True,16.5,3.0
v2_shipped,732,2026-06-23,lunch,700.0,52.5,70.0,23.3,736,79,68,17,5.1,50.5,-2.9,-27.0,best_effort_lp,BEST_EFFORT_LP,relaxed,1.0,1647.69,17,True,64.5,2.0
v2_shipped,841,2026-08-05,breakfast|dinner|lunch|snack,1450.0,102.0,170.0,40.0,1427,94,172,40,-1.6,-7.8,1.2,0.0,strict_tight,0.08,strict,0.5,312.91,2,True,26.9,2.5
v2_shipped,734,2026-06-25,lunch,700.0,52.5,70.0,23.3,701,54,66,25,0.1,2.9,-5.7,7.3,strict_tight,0.08,strict,0.5,198.31,2,True,83.3,2.5
v2_shipped,842,2026-08-06,breakfast|dinner|lunch|snack,1450.0,102.0,170.0,40.0,1384,101,158,39,-4.6,-1.0,-7.1,-2.5,strict_tight,0.08,strict,1.0,118.44,1,True,22.4,5.0
v2_shipped,875,2026-08-07,lunch,1240.0,124.0,74.0,50.0,1280,134,73,50,3.2,8.1,-1.4,0.0,strict_tight,0.08,strict,0.5,181.44,2,True,62.1,4.0
v2_shipped,805,2026-07-07,lunch,700.0,52.5,70.0,23.3,644,46,59,25,-8.0,-12.4,-15.7,7.3,strict_relaxed_tol,0.2,strict,0.5,802.37,8,True,68.9,1.5
v2_shipped,808,2026-07-08,dinner|lunch,1140.0,95.0,100.0,40.0,1126,91,102,39,-1.2,-4.2,2.0,-2.5,strict_tight,0.08,strict,0.5,285.42,2,True,39.4,1.5
v2_shipped,877,2026-08-12,breakfast|dinner|lunch|snack,3020.0,189.0,445.0,54.0,2756,201,307,81,-8.7,6.3,-31.0,50.0,best_effort_lp,BEST_EFFORT_LP,relaxed,1.0,1550.31,17,True,27.7,7.0
v2_shipped,810,2026-07-15,dinner|lunch,1140.0,95.0,100.0,40.0,1126,91,102,39,-1.2,-4.2,2.0,-2.5,strict_tight,0.08,strict,0.5,261.31,2,True,39.4,1.5
v2_shipped,811,2026-07-16,dinner|lunch,1140.0,95.0,100.0,40.0,1181,121,96,35,3.6,27.4,-4.0,-12.5,best_effort_lp,BEST_EFFORT_LP,relaxed,1.0,1476.79,17,True,44.0,2.0
v2_shipped,879,2026-08-11,lunch,1650.0,136.0,144.0,59.0,1351,81,184,32,-18.1,-40.4,27.8,-45.8,best_effort_lp,BEST_EFFORT_LP,relaxed,1.0,1422.16,17,True,93.7,3.0
v2_shipped,813,2026-07-21,dinner|lunch,1140.0,95.0,100.0,40.0,1135,96,99,39,-0.4,1.1,-1.0,-2.5,strict_tight,0.08,strict,0.5,293.59,2,True,41.2,2.0
v2_shipped,814,2026-07-22,dinner|lunch,1140.0,95.0,100.0,40.0,1299,107,93,56,13.9,12.6,-7.0,40.0,best_effort_lp,BEST_EFFORT_LP,relaxed,1.0,1664.95,17,True,39.6,2.0
v2_shipped,881,2026-08-13,lunch,1650.0,136.0,144.0,59.0,1648,157,144,50,-0.1,15.4,0.0,-15.3,strict_relaxed_tol,0.15,strict,0.5,479.02,6,True,69.6,5.0
v2_shipped,815,2026-07-23,dinner|lunch,1140.0,95.0,100.0,40.0,1112,101,105,32,-2.5,6.3,5.0,-20.0,strict_relaxed_tol,0.2,strict,0.5,830.03,8,True,45.8,1.5
v2_shipped,884,2026-08-11,lunch,700.0,52.5,70.0,23.3,684,44,72,24,-2.3,-16.2,2.9,3.0,strict_relaxed_tol,0.15,strict,0.5,667.71,6,True,58.4,2.5
v2_shipped,816,2026-07-27,dinner|lunch,1140.0,95.0,100.0,40.0,1155,90,111,39,1.3,-5.3,11.0,-2.5,strict_tight,0.08,strict,0.5,223.97,2,True,43.5,6.5
v2_shipped,888,2026-08-12,breakfast|dinner|lunch|snack,2200.0,154.0,259.0,61.0,2143,135,233,74,-2.6,-12.3,-10.0,21.3,strict_relaxed_tol,0.15,strict,0.5,698.24,6,True,22.2,4.5
v2_shipped,819,2026-07-30,dinner|lunch,1140.0,95.0,100.0,40.0,1131,93,102,39,-0.8,-2.1,2.0,-2.5,strict_tight,0.08,strict,1.0,114.09,1,True,41.3,2.0
v2_shipped,890,2026-08-17,breakfast|dinner|lunch|snack,2000.0,125.0,295.0,36.0,1627,122,153,59,-18.6,-2.4,-48.1,63.9,best_effort_lp,BEST_EFFORT_LP,relaxed,1.0,1859.49,17,True,20.9,2.0
